url,title,text,topic,tags,date
https://lenta.ru/news/1914/09/16/hungarnn/,1914. Русские войска вступили в пределы Венгрии  ,"Бои у Сопоцкина и Друскеник закончились отступлением германцев. Неприятель, приблизившись с севера к Осовцу начал артиллерийскую борьбу с крепостью. В артиллерийском бою принимают участие тяжелые калибры. С раннего утра 14 сентября огонь достиг значительного напряжения. Попытка германской пехоты пробиться ближе к крепости отражена. В Галиции мы заняли Дембицу. Большая колонна, отступавшая по шоссе от Перемышля к Саноку, обстреливалась с высот нашей батареей и бежала, бросив парки, обоз и автомобили. Вылазки гарнизона Перемышля остаются безуспешными. При продолжающемся отступлении австрийцев обнаруживается полное перемешивание их частей, захватываются новые партии пленных, орудия и прочая материальная часть. На перевале Ужок мы разбили неприятельский отряд, взяли его артиллерию и много пленных и, продолжая преследовать, вступили в пределы Венгрии.
«Русский инвалид», 16 сентября 1914 года.",Библиотека,Первая мировая,1914/09/16
https://lenta.ru/news/1914/09/16/lermontov/,1914. Празднование столетия М.Ю. Лермонтова отложено ,"Министерство народного просвещения, в виду происходящих чрезвычайных событий, признало соответственным в день годовщины со дня рождения М.Ю. Лермонтова (2-го октября 1914 года) ограничиться совершением в учебных заведениях панихиды по поэту, отложив празднование юбилея до более благоприятного времени.
«Русский инвалид», 16 сентября 1914 года.",Библиотека,Первая мировая,1914/09/16
https://lenta.ru/news/1914/09/17/nesteroff/,1914. Das ist Nesteroff!,"Штабс-капитан П. Н. Нестеров на днях, увидев в районе Желтиева, в Галиции, летящий над нашим расположением австрийский аэроплан, собиравшийся бросить бомбы, взлетел на воздух, атаковал неприятеля и протаранил неприятельский аппарат, предотвратив жертвы в наших войсках. Сам Нестеров при этом погиб смертью героя. По словам доставленных в Киев пленных австрийских офицеров, всей неприятельской армии хорошо известно имя Нестерова. Во время воздушных разведок русских авиаторов австрийцы всегда безошибочно определяли, каким аппаратом управлял Нестеров. Когда показывался аэроплан-птица, красиво и вольно паривший в воздухе, австрийцы указывали — Das ist Nesteroff! Австрийцы боялись покойного, и все их усилия были направлены к прекращению его деятельности. За задержание отважного летчика была объявлена большая премия. Нестеров погиб в 27 лет. После Нестерова остались жена и двое детей — девочка, 5-ти лет, и мальчик, 3-х лет. Иллюстрированный журнал «Искры» № 35, сентябрь 1914 года  Песнь о Нестерове В безбрежности неба, в бескрайности ясной пустыниСражались лишь птицы и гибли лишь птицы доныне.Так птице подобный, полет свой направив могучий,Унесся пилот легкокрылый за темные тучи.А там, на земле, колыхаясь, знамена шумели, И лязгали сабли, и пушки зловеще гремели.И пламенно богу войны посылал он молитвы,И очи горели и звали и жаждали битвы…Величие духа в равнине обманчиво-зыбкой.Презрение смерти под светлою солнца улыбкой…Мольбы не напрасны. Велению рока послушный,Противник уж реет кругами в стихии воздушнойИ дрогнуло сердце. Рука, как пружина стальная,На руль налегла. Встрепенулась машина живая…Чти, родина, память героя! Решенье созрелоМгновенье – и врезался дерзко он в хрупкое тело.Пощады не знает стихия. Победа наградой…И пали противники грузной и страшной громадой…В безбрежности неба, в бескрайности ясной пустыниСражались лишь птицы и гибли лишь птицы доныне. Журнал «Нива» №37, сентябрь 1914 года",Библиотека,Первая мировая,1914/09/17
https://lenta.ru/news/1914/09/17/bulldogn/,1914. Бульдог-гонец под Льежем ,"Фотограф-корреспондент Daily Mirror рассказывает случай, который порадует всех друзей животных. Лейтенант бельгийской артиллерии, руководивший обороной одного из фортов Льежа, ни за что не хотел расстаться с своей собакой — бульдогом. Когда пруссаки пробрались между фортов в самый город, офицеру пришло в голову доверить бульдогу письмо, в котором он посылал успокоительную весть своим родителям. Благородный пес честно исполнил свою миссию. Десять часов спустя бульдог проник обратно в форт и принес ответ. С этого момента бульдог стал настоящим гонцом. Много раз пробирался он через линии германских войск, неся на себе спрятанными в ошейнике шифрованные депеши.
Журнал «Нива» №37, сентябрь 1914 года",Библиотека,Первая мировая,1914/09/17
https://lenta.ru/news/1914/09/18/zver/,1914. Под Люблином пойман швабский зверь,"Лица, приехавшие в Варшаву из Люблина, передают, что туда доставлен «швабский зверь» — взятый в плен прусский майор Прейскер, бывший комендант Калиша. Это — здоровый детина, с типично прусским наглым лицом и мутными глазами. Когда этого «зверя» вели с партией пленных по улице и из толпы раздались крики и проклятия, Прейскер трусливо замешался в толпу пленных, стараясь скрыться. Зато в заключении, под конвоем наших солдат, Прейскер принял пришедшего к нему русского офицера сидя, нагло развалившись в кресле. Конвойные «помогли» ему подняться и вытянуться во фронт. Кроме Прейскера, нашими войсками взят в плен и другой «швабский зверь» — капитан Шмидт, живьем сжигавший жителей деревень, запирая их в хатах. Журнал «Нива» №38 от 20 сентября 1914 года",Библиотека,Первая мировая,1914/09/18
https://lenta.ru/news/1999/08/31/stancia_mir/,"Космонавты сомневаются в надежности ""Мира""","Как стало известно агентству Ассошиэйтед Пресс, экипаж последней экспедиции на станцию ""Мир"" считает ее способной выйти из-под контроля.Командир Виктор Афанасьев сказал: ""Мы чувствуем себя хорошо, но грустим, что оставили станцию летать в беспилотном режиме."" Gazeta Ru подробно писала о том, что финансирование программы ""Мир"" закрыто, но конструкторы не спешат топить ее в Тихом океане, надеясь на изыскание внебюджетных средств.Они надеются, что правительство оплатит финальную экспедицию на ""Мир"" в феврале или марте 2000 года. Новая экспедиция должна постепенно перевести станцию на низкую орбиту, после чего 140- тонный ""Мир"" в основном сгорит в атмосфере, а незначительные его части упадут в Тихий океан. Но нет никакой гарантии, что пережившая столько отказов оборудования конструкция поведет себя адекватно командам. Афанасьев перечислил потенциально опасные элементы ""Мира"" на пресс- конференции, состоявшейся в понедельник в Звездном Городке. ""Может упасть давление в кабине,- сказал он,- и это станет серьезным препятствием для работы следующей экспедиции. Слишком велика роль ""человеческого фактора"" , элементарная ошибка может привести как к потере топлива, так и к потере ориентации."" Американское космическое агентство по аэронавтике и космическому пространству предлагало России затопить ""Мир"", а его ресурсы перевести на международную космическую станцию. Но Россия не хочет расставаться с легендарным символом.",Россия,Все,1999/08/31
https://lenta.ru/news/1999/08/31/vzriv/,Взрыв в центре Москвы: пострадало 30 человек,"В зале игровых автоматов в третьем ярусе подземного комплекса ""Охотный ряд"" на Манежной площади в центре Москвы около 20.00 прогремел мощный взрыв. По данным ФСБ, погибли не менее четырех человек, 20 человек ранены. Однако уточненная оценка числа пострадавших в результате этого взрыва может достигнуть ста человек. Агентство ИТАР-ТАСС, в сообщении от 21.15 со ссылкой на источники в ГУВД Москвы, говорит только о 30 раненых, в том числе о двух пострадавших в тяжелом состоянии. Однако число пострадавших в результате этого взрыва может составить до ста человек. По данным РИА ""Новости"", Боткинская больница, Институт им. Склифосовского, 1-ая Градская, 36-ая и 64-ая горбольница работают только на прием пострадавших. С места происшествия запросили 20 машин скорой помощи. Из торгового центра эвакуированы все посетитетели. Среди причин происшедшего называют террористический акт, связанный с последними событиями в Дагестане, однако, по сообщению ОРТ, не исключается и версия об аварии (взорвался игровой автомат). Более точных данных о причнах взрыва и количестве жертв представители УФСБ называть не торопятся.",Россия,Все,1999/08/31
https://lenta.ru/news/1999/08/31/credit_japs/,Япония кредитует Россию на полтора миллиарда долларов,"Япония приняла решение разморозить кредиты России на сумму в полтора миллиарда долларов. Об этом заявил сегодня после встречи с премьер-министром Японии вице-премьер правительства России Виктор Христенко. Он прибыл в Токио во главе делегации для участия в заседании  российско-японской межправительственной комиссии по торгово-экономическим  вопросам, которое  начнется в  среду  в Токио. Один из участников подготовки этого заседания сообщил ""Интерфаксу"", что Христенко постарается на конкретных макроэкономических показателях  за последние  месяцы доказать, что экономика России становится более стабильной и убедить Японию в своей платежеспособности и партнерской надежности. ""Если на заседании  комиссии японская сторона будет удовлетворена этими данными, то многие российско-японские проекты по улучшению  экономики дальневосточного побережья, примут более реальные очертания"", - подчеркнул источник. Сегодняшнее сообщение о разморозке кредита показывает, что приведенные Христенко выкладки оказались убедительными для японцев. В  отношении   Японии  еще   со  времен СССР  осталаськоммерческая задолженность  японским фирмам,  общий объем которой составляет около $1,1 миллиардов. Основная задолженность перед крупными фирмами, объединившимися  в Токийский клуб, составляет около $925 миллионов. Общий же объем внешнего долга России в настоящее время  составляет около $150 миллиардов, и платежи по его обслуживанию в соответствии  с графиком  должны были  бы составить  около  90% доходов федерального бюджета.",Россия,Все,1999/08/31
https://lenta.ru/news/1999/08/31/diana/,Британцы отмечают двухлетие смерти Дианы,"Британцы отмечают сегодня скорбную дату - вторуюгодовщину со дня смерти принцессы Дианы. Она погибла вавтомобильной катастрофе в парижском туннеле в ранние утренниечасы 31 августа 1997 года. С утра к золоченым воротамКенсингтонского дворца, где жила Диана, приходят ее поклонники.В чугунные завитки ограды вплетаются сотни букетов. Людиоставляют дары принцессе - коробки конфет, плюшевых мишек,открытки со посвященными ей стихами, стенгазеты. Вчера и сегодня болееТысячи англичан подписали петицию с требованием к властямускорить сооружение мемориала принцессе. Пока Мемориальныйкомитет собирается переоборудовать в ее честь детскую игровуюплощадку, которая находится на территории Кенсингтонского паркаи создать посвященную ей ""прогулочную дорожку"" вдоль похоронного маршрута. Мемориальный фонд имени принцессы Дианы собрал в видепожертвований населения более 85 миллонов фунтов (140 миллионов долларов).Средичленов правления фонда нет согласия относительно использованиясредств. Они заняты не столько помощью больным иобделенным, как завещала принцесса, сколько в основном судебнойсхваткой за авторские права на ее, Дианы, изображения. Королевская семья отметит траурную годовщину сдержаннойпоминальной церемонией в шотландском замке Балморал, где будутприсутствовать сыновья Дианы - 17-летний Вильям и 14-летнийГарри, их отец принц Чарльз. Родственники Дианы соберутсяотдельно в Олторпе, поместье ее брата графа Чарльза Спенсера. Впоместье создан мемориальный музей Дианы, который в этом годупосетило 142 тысячи человек. Ожидается, что в ближайшие дни будут оглашеныокончательные результаты расследования аварии в Париже.Британские газеты уже получили этот документ. Никаких сенсацийтам нет. Единственная причина катастрофы - опьянение водителя ипревышение скорости, пришли к заключению французскиеследователи. Содержание алкоголя в крови водителя лимузина Генри Пола в три раза превосходило норму- 1,8 грамма на литр. Фиат ""Уно"", якобы послуживший причиной трагедии, так и не найден- в Париже таких автомобилей более сорока тысяч. Не будет предъявлено никаких обвиненийфотографам-папарацци, преследовавшим ""Мерседес"" Дианы на мотоциклах. Письма Дианы к бывшему любовнику,майору Джеймсу Хьюитту, могут быть вскоре опубликованы отдельной книгой. Хьюитт нарушил клятву никогда не использовать для печати 65 писем принцессы, написанных ею после того, как ее брак с принцем Чарльзом развалился. В письмах королевская семья характеризуется весьма нелицеприятно.",Мир,Все,1999/08/31
https://lenta.ru/news/1999/08/31/mvf/,Отмытые через Bank of NY деньги не имели отношения к МВФ,"В понедельник директор департамента внешних связей Международного валютного фонда Томас Доусон провел селекторную пресс-конференцию, на которой заявил, что нет ""абсолютно никаких доказательств"" участия средств МВФ в операциях, проводимых через ""Bank of New York"", хотя МВФ ""очень серьезно"" относится к подобным обвинениям. По словам Доусона, на данный момент никаких подтверждений высказанным обвинениям не предоставлено, и представители американских властей или правоохранительных органов официально в МВФ в связи с проводимым расследованием не обращались. При этом представитель МВФ не исключил, что этот вопрос возникал в ходе работы миссии экспертов Фонда, находящейся сейчас в Москве и проводящей переговоры с представителями российского правительства. Переговоры эти продлятся еще несколько дней. Доусон также подтвердил, что вопрос об использовании средств МВФ будет обязательно рассмотрен во время предстоящего обсуждения итогов работы миссии фонда в Москве, которая представит совету директоров МВФ доклад о результатах своих переговоров с представителями российского правительства. На основе этого доклада будет решаться вопрос о выделении России второго транша в рамках новой программы сотрудничества между МВФ и российским правительством и, по словам Доусона, совет директоров заслушает этот доклад вероятнее всего ""ближе к концу сентября"", а не в середине сентября: этот срок более реален с организационной точки зрения. Так же, как и предыдущий, июльский, новый транш в случае выделения не будет перечислен в Россию, а сразу пойдет на погашение задолженности перед МВФ. Отвечая на вопрос о проведении еще одного независимого аудита деятельности Центрального банка России, (о чем сообщили в понедельник некоторые мировые СМИ), Доусон заявил, что этот аудит не связан с обвинениями по делу нью-йоркского банка: он был предложен российским правительством еще в июне и решение о его проведении закреплено в июльском письме о финансовой политике, направленном правительством России в МВФ. Так же как и предыдущий доклад, новый аудит будет проведен компанией ""Прайс уотерхаус"".",Россия,Все,1999/08/31
https://lenta.ru/russia/1999/08/31/tamozhnya/,C 1 сентября вводится новая форма таможенной декларации,"С 1 сентября на всей территории России вводится новая форма таможенной декларации для физических лиц. Как пояснили в Государственном таможенном комитете (ГТК), форма декларации, которая была одобрена Советом руководителей таможенных служб государств-участников Содружества, является единой на территории всех стран СНГ, за исключением Армении. По данным ИТАР-ТАСС, в новой декларации содержится более подробный перечень товаров, подлежащих обязательному декларированию. Так, впервые в их число включены ядовитые и сильно действующие вещества и лекарства, радиоактивные материалы, объекты флоры и фауны, а также высокочастотные радио-электронные устройства и средства связи - в частности, системы радиолокации, кабельного телевидения и средства мобильной связи частотой выше 9 килогерц. Кроме того, в декларации будет необходимо приводить более подробные сведения о ввозимом или вывозимом транспортном средстве - вид машинs, год выпуска, объем двигателя, номера двигателя, кузова и шасси. В России новая форма декларации наряду с прежней применялась с 1 августа лишь на московских таможенных пунктах: Шереметьево, во Внуково, в Домодедово, Чкаловском и на железнодорожных вокзалах. Теперь она вводится на всей территории страны. Преимуществом новой декларации, пояснили в ГТК, является то, что она будет единой на территории 11 государств СНГ, подписавших соглашение, к которому пока не присоединилась лишь Армения, но с ней ""сейчас ведутся конструктивные переговоры"". Новая таможенная декларация уже вступила в силу на территории Украины и Белоруссии, другие государства СНГ заявили о своей готовности ввести ее на своей территории до концатекущего года.",Россия,Все,1999/08/31
https://lenta.ru/news/1999/08/31/fsb/,Создан департамент ФСБ по борьбе с терроризмом,"Указом президента России Бориса Ельцина внесены изменения в  существующую структуру Федеральной службы безопасности РФ, утвержденную в июле прошлого года. Как говорится в поступившем сегодня сообщении Центра общественных связей ФСБ, в соответствии с Основами (Концепцией) государственной политики Российской Федерации по военномустроительству на период до 2005 года, на базе Департамента по борьбе с терроризмом и Управления конституционной безопасности ФСБ создан Департамент по защите конституционного строя и борьбе с терроризмом. В составе департамента организуются три управления с четко определенной компетенцией. В ФСБ отмечают, что ""в современных условиях для российскойгосударственности имеют приоритетное значение вопросы защитыконституционного строя, сохранения целостности страны, борьбыс терроризмом и всеми формами экстремизма, а также разведывательно-подрывной деятельностью спецслужб и организаций иностранных государств"". Как подчеркивается в сообщении, ""органам безопасности в решении данных проблем отведена особая роль"".",Россия,Все,1999/08/31
https://lenta.ru/news/1999/08/31/cholera/,Южно-Сахалинск объявлен очагом холеры,"Сегодня областной центр Сахалина и Курил получил статус очага распространения холеры. Как сообщает ИТАР-ТАСС со ссылкой на пресс-центр администрации Сахалинской области, в лечебных учреждениях Южно-Сахалинска уже находятсятся 5 горожан, причем у двоих из них болезнь проходит в средне-тяжелой форме. Специалисты Госсанэпиднадзора по Сахалинской области и Хабаровской противочумной станции считают, что возможным источником заражения стала река Хомутовка в военном городке и слабосоленная красная рыба собственного приготовления, которую жители промывали в этой реке. Решением губернатора Сахалинской области Игоря Фархутдинова сегодня в Южно-Сахалинске начато развертывание специальных госпиталей и изоляторов для локализации и ликвидации очага холеры. Кроме того, на заседании санитарно-противоэпидемической комиссии было принято решение о трехкратном бактериологическом обследовании всех больных, обратившихся в медицинские учреждения города с жалобами на кишечные расстройства. В Южно-Сахалинске установлен запрет на купание и водопользование в неустановленных местах.",Россия,Все,1999/08/31
https://lenta.ru/news/1999/08/31/polit_blok/,Леворадикалы создают предвыборный блок,"Бывший шеф Службы безопасности президента  Александр  Коржаков,  лидер  Движения  в поддержку армии Виктор Илюхин и руководители ряда других движений возглавят блок патриотических сил ""Русский дом"". Выступая сегодня на пресс-конференции в Москве, руководитель ""Союза соотечественников - ""Отчизна"" Борис Тарасов заявил, что основой блока стал политических договор между этими политическими организациями. По его словам, все четыре организации имеют общероссийский статус и могут организовывать блоки самостоятельно. Руководители блока еще не определили, будут ли они сотрудничать с другими блоками и организациями, однако, как отметил Тарасов, ""совершенно невозможно обойти в некотрых вопросах сотрудничество с КПРФ"". В отношении ""блокирования"" с РНЕ он отметил, что эта организация уже создала свой блок без ""Русского дома"". По словам Тарасова, лидером нового блока его участники видят лидера ДПА Виктора Илюхина, а само ДПА - основной движущей силой ""Русского дома"". Сам Илюхин ""в силу некоторых причин"", которые однако, не были внятно объяснены, не смог присутствовать на пресс-конференции, однако он подтвердил свое участие в новом блоке. Основная задача блока, по словам Тарасова - преодоление 5-процентного барьера на выборах в Госдуму.",Россия,Все,1999/08/31
https://lenta.ru/news/1999/08/31/turkey_quake/,"Еще одно землетрясение в Турции: один человек погиб, около 70 ранены","подземный толчок силой 5,2 балла На северо-западе Турции, где 17 августа произошло разрушительноеземлетрясение, приведшее к гибели более 14 тысяч человек, сегодняв 11.11 местного времени (12.11 по московскому времени) зафиксирован подземный толчок силой 5,2 балла по шкале Рихтера. Его эпицентр, какпрежде, находился в городе Измит, сообщила сейсмологическая обсерватория Босфорского университета. Новое землетрясение вызвало панику у местных жителей. По сообщению ВВС, погиб один человек и около 70 ранены.",Мир,Все,1999/08/31
https://lenta.ru/news/1999/08/31/dagestan/,В горах Дагестана идут активные боевые действия,"Сегодня утром в районах дагестанских селений Чабанмахи и Карамахи возобновились активные боевые действия подразделений внутренних войск МВД.  Как сообщили ""Интерфаксу"" во временном пресс-центре объединенной группировки Минобороны РФ в Дагестане, они встречают сильное огневое сопротивление со стороны экстремистов. Всего, по имеющимся в пресс-центре сведениям, группировка исламских боевиков в этом районе превышает 500 человек. Вчера в результате ожесточенного боя ими была выведена из строя боевая машина пехоты федеральных сил. Погибли двое и ранены еще двое военнослужащих. Вертолеты федеральных сил вчера нанесли 8 ракетных ударов по позициям боевиков в районах горы Чабан, а также в километре восточнее села Дуранги и в полутора километрах от того села. По боевым позициям исламистов также вела ""сосредоточенный огонь"" артиллерия.Удалось перехватить радиосообщений исламистов, в которых они просят о помощи у своих единомышленников в Чечне и Дагестане. 30 августа при продвижении из района населенного пункта Дуранги в направлении горы Чабан в результате ожесточенного боя противником выведена из строя боевая машина пехоты. Погибли двое и ранены еще двое военнослужащих. 30 августа вертолеты федеральных сил нанесли восемь ракетных ударов по позициям боевиков в районах горы Чабан, а также в километре восточнее села Дуранги и в полутора километрах от того села. По боевым позициям исламистов также вела ""сосредоточенный огонь"" артиллерия. По данным пресс-центра МВД, в боевых действиях у Карамахи и Чабанмахи, а также к югу от Доргели в течение 29-30 августа уничтожена зенитная установка исламистов, миномет с боевым расчетом, 2 склада боеприпасов, подавлены две огневые точки противника. Федеральные силы заняли позиции на высотах южнее населенного пункта Даргели и у перевала ""Волчьи ворота"". Задержан радист боевиков. По информации пресс-центра, за два дня операции потери внутренних войск МВД составили трое погибших и 31 раненый. В Ботлихском районе Дагестана подразделения МВД России во взаимодействии сотрудниками внутренних дел республики и ополченцами контролируют районы населенных пунктов Анди и Харами. Их задача - не допустить проникновения боевиков в эти районы. Продолжается разминирование этого района. За прошедшие сутки инженерными подразделениями обезврежено29 мин, 18 артиллерийских снарядов, 1 авиабомба и 113 гранат. В рамках плановой замены частей из Ботлихского района минувшей ночью была выведена парашютно-десантная часть Минобороны РФ. Во временном пресс-центре еще раз подчеркнули, что части Минобороны непосредственно в боевых действиях участия не принимают, а несут службу на внешних блок-постах. Министерство Обороны РФ открыло с сегодняшнего дня  телефонную ""горячую линию"", по которой с 8.00 до 20.00 можно будет узнавать об убитых, раненных и пропавших без вести в ходе боевых действий в Дагестане.",Россия,Все,1999/08/31
https://lenta.ru/news/1999/08/31/karachaevo/,Карачаево-Черкесия раскололась по национальному признаку,"Намеченная на сегодняшний день церемония вступления в должность главы республики генерала, по-видимому, не состоится. Владимир Семенов находится в Москве, где вместе с руководителями федерального центра пытается найти выход из создавшегося положения.Ожидается, что сегодня во второй половине дня премьер-министр России Владимир Путин встретится с избранным главой Карачаево-Черкесии Владимиром Семеновым. В ходе встречи будет обсуждаться ситуация в Карачаево-Черкесии. Накануне Владимир Путин уже встречался в Доме правительства с Владимиром Семеновым и временно исполняющим обязанности главы республики Валентином Власовым. Натакже рассматривалась политическая и социально-экономическая ситуация в Карачаево-Черкесии. Между тем на продолжающемся пятые сутки митинге сторонников мэра Черкесска Станислава Дерева сегодня была принята резолюция, в которой содержится намерение просить президента Российской Федерации восстановить Черкесскую автономную область, незаконно ликвидированную в 1957 году. До формирования органов власти Черкесской автономной области резолюция предполагает ""сохранить в Карачаево-Черкесской республике существующую временную исполнительную власть во главе с Валентином Власовым"". В резолюции также выражено категорическое несогласие с решением Верховного суда Карачаево-Черкесии, который подтвердил законность избрания главы республики Владимира Семенова. В резолюции почеркивается, что это ""незаконное и необъективное"" решение привело ""к резкому обострению межнациональной обстановки в республике"". По мнению участников митинга, республика теперь расколота по национальному признаку. Участники митинга считают итоги выборов сфальсифицированными и подлежащими отмене. Сторонники Станислава Дерева заявили, что в случае невыполнения требований их абазинский, черкесский и ряд других проживающих в Карачаево-Черкесии народов ""вынуждены будут приступить к самостоятельному формированию органов государственной власти восстановленной Черкесской автономии"". В настоящее время органы государственной власти Карачаево-Черкесии практически лишены возможности нормально функционировать. Участники митинга блокируют правительственное здание. Об этом сообщил корреспонденту ИТАР-ТАСС временно исполняющий обязанности председателя правительства республики Осман Боташев. Сами участники митинга это отрицают. Общественный штаб поддержки победившего на выборах Владимира Семенова озабочен тем, что в выступлениях на митинге открыто раздаются призывы к расколу Карачаево-Черкесии, допускаются оскорбления в адрес отдельных ее народов, хулиганские действия. По данным штаба, минувшим днем при возвращении на работу после обеденного перерыва участниками митинга были избиты заведующая общим отделом аппарата правительства Галина Федоркова и секретарь-референт начальника управления по работе с территориями республиканского правительства Людмила Глухова. Штаб поддержки Владимира Семенова отмечает, что ни прокуратура, ни министерство внутренних дел Карачаево-Черкесии практически не принимают мер по пресечению подобных действий, организовав лишь оцепление ОМОНом здания правительства.",Россия,Все,1999/08/31
https://lenta.ru/news/1999/08/31/korzhakov/,Коржаков готов рассказать Генпрокуратуре про финансовое состояние Ельцина,"На состоявшейся сегодня в Москве пресс-конференции бывший шеф Службы безопасности президента РФ Александр Коржаков заявил, что он готов ответить на вопросы Генпрокуратуры о финансовом состоянии семьи Бориса Ельцина. ""У меня  много  информации,  которую  я  знаю,  но  не  хочу говорить"", - сказал Коржаков, уточнив,  что ""если у тебя нет власти, то информацию лучше оставить на потом"". Только  что вернувшийся  из-за границы Коржаков,  по  его словам, ""еще не разобрался"" в потоке публикаций о якобы имеющихся зарубежных счетах ближайшего окружения и семьи президента РФ. Вместе с тем он отметил, что ""если обнаружатся факты преступной  деятельности   президента,   то   закон   не   должен освобождать его от ответственности"". Коржаков ""очень осторожно"" отнесся к заявлению следователя генпрокуратуры Георгия  Чуглазова  о  том,  что  90%  материалов, опубликованных  в  СМИ  по  делу  компании  ""Мабетекс"",  являются достоверными. Коржаков напомнил, что именно этот следователь в  свое время  вел дело ""о пресловутой коробке из-под ксерокса"" (когда  накануне второго  тура президентских  выборов в июне 1996  года при  попытке выноса  из Белого дома коробки с 500 тысячами долларов были задержаны  помощники Анатолия  Чубайса  СергейЛисовский и  Владимир Ефстафьев) и в итоге признался, что ""ничего там не было"". Коржаков также предложил принять закон о гарантиях  бывшему   президенту  и   его  семье,  поскольку  ""все неурядицы сейчас  из-за того, что семья  мечется и не знает, что будет потом"". Как сообщает ""Интерфакс"", Коржаков не  разделяет позицию  тех, кто сегодня критикует Юрия Скуратова, отстраненного от должности генпрокурора РФ. ""Пока идет следствие,  не надо  кукарекать. Наверное,  Скуратов  первый  раз  ошибся,  когда  позволил  себе подчиниться требованиям верховных звонков в том же деле о коробке из-под ксерокса. Наступил себе на совесть, наступай и дальше"", - так прокомментировал Коржаков действия Скуратова.",Россия,Все,1999/08/31
https://lenta.ru/news/1999/08/31/limonov/,Российские национал-большевики убирают территорию Севастополя,"15 представителей национал-большевистской партии России, разбрасывавших в День независимости Украины 24 августа в Севастополе листовки антиукраинского содержания, могут получить наказание по суду до 5 лет лишения свободы. Как сообщает ""Интерфакс-Украина"", действия ""лимоновцев"", забравшихся 24 августа на башню часов Севастопольского патриотического клуба Черноморского  флота РФ и с выкриками ""Севастополь! Крым! Россия!"" разбрасывавших оттуда листовки, квалифицированы правоохранительными органами Украины как злостное хулиганство. Против  активистов   партии  Эдуарда   Лимонова   возбуждено уголовное дело,  предусматривающее наказание на срок от одного до пяти лет лишения свободы. В  ходе следственных  мероприятий  милиция установила причастность  к группе ряда местных жителей - в результате проведенных обысков у них были изъяты программные документы национал-большевистской партии России, а также переписка членов партии с  лидером Эдуардом Лимоновым.  Изъяты также  листовки  и  газеты национал-большевистской партии. В  настоящее   время   участники   акции   протеста   против украинского статуса  Севастополя отбывают  наказание  в  виде  15 суток административного ареста и занимаются уборкой территории.",Мир,Все,1999/08/31
https://lenta.ru/news/1999/08/31/kirgizia/,Киргизия ведет бои на границах с Таджикистаном и Узбекистаном,"На юге Киргизии, а именно в Баткенском и Чон-Алайскомрайонах  Ошской   области  в   ночь  на  вторникпродолжались бои  между отрядами  боевиков  и  правительственнымивойсками. Как  сообщили   ""Интерфаксу""  в  силовых  структурах  Ошскойобласти,  наиболее   напряженная  ситуация  складывалась  в  Чон-Алайском  районе,   в  частности,   у  сел  Кара-Теин  и  Карамык(приграничные с  Таджикистаном), где  перестрелка продолжалась  втечение 2,5 часов. По   предварительной    информации,   среди   военнослужащихправительственных сил есть легко раненые. О потерях боевиков поканичего не известно. Также сообщается,  что в  ночь на  31 августа шесть боевиковатаковали село  Сохо (в  районе киргизско-узбекской  границы).  Входе  перестрелки   с  правительственными  войсками  один  боевиксорвался в пропасть и, предположительно, погиб. Кроме того,  в одном из мест расположения  правительственных  войскзадержан  местный  житель,  который  на  допросах  сознался,  чтопомогал боевикам  собирать информацию  и переправлять  раненых натерриторию Таджикистана. Как  сообщил   в   интервью   ""Интерфаксу""   пресс-секретарьпрезидента Киргизии  Каныбек Иманалиев, прошедшая в отдельных СМИинформация о  том, что  на  днях  был  освобожден  находящийся  убоевиков переводчик  японских геологов,  захваченных в  заложникиисламскими экстремистами, не подтверждается.",Мир,Все,1999/08/31
https://lenta.ru/news/1999/08/31/litva/,Литва засудила участников переворота 91 года,"Россия крайне негативно оценивает судебный процесс о ""январскихсобытиях 1991 года в Вильнюсе"".  Напомним, что речь идет о попытке государственного переворота в Литве, заявившей о своей независимости, когда властным органом объявил себя анонимный ""Комитет Национального Спасения"", опиравшийся на силу советских танков, введенных в эти дни в Литву с территории России, и на спецподразделения советской армии, захватившие, в частности, телецентр в Вильнюсе.  Другая противоборствующая сторона возглавлялась лидером радикальных литовских националистов, впоследствии президентом Литвы Витаусом Ландсбергисом. Столкновения на улицах Вильнюса сопровождались большим количеством человеческих жертв, фиксировались на видеопленки, неоднократно показывавшиеся по Центральному, а потом и Российскому, телевидению в качестве примера пагубности имперской политики.  Теперь в Литве прошел суд над участниками событий, выступавшими на стороне советских войск. Как заявили РИА ""Новости"" впосольстве РФ в этой стране, определенные силы в Литве пытаютсяиспользовать этот политический процесс для того, чтобы броситьтень на российско-литовские отношения. В результате завершившегося здесь судебногоразбирательства к длительному сроку заключения приговорен рядобщественных деятелей Литвы, среди которых 70-летний гражданинРоссии Станислав Мицкевич, граждане Иванов и Смоткин.  ""Решение Вильнюсского суда не моглоне вызвать озабоченность российской общественности.""- подчеркнули в посольстве.  ""Судебный процесс является делом суверенной Литвы, однаков Москве рассчитывают, что здравый смысл возьмет верх илитовские власти проявят гуманизм при окончательном решениисудьбы российского гражданина, здоровье которого серьезноподорвано"",  отметили в посольстве России.",Мир,Все,1999/08/31
https://lenta.ru/news/1999/08/31/timor/,Референдум по вопросу о самоопределении Восточного Тимора прошел успешно,"По сведениям миссии ООН, передаваемым РИА ""Новости"", в голосовании по вопросу о самопределении бывшей колонии приняли участие более 95% зарегистрированных избирателей. Подсчет голосов начнется в среду, он будет анонимным. Сначала в присутствии свидетелей будут вскрыты все опечатанные коробки, затем все бюллетени будут перемешаны, чтобы невозможно было определить, откуда они поступили, и начнется подсчет по принципу голосования всех избирателей на одном участке.Как сообщает РИА ""Новости"", администрация Клинтона отмечает ""чрезвычайную явку"" и ""успех"" проведенного в Восточном Тиморе референдума по вопросу о независимости этой индонезийской провинции. США призывают всех участников признать результаты референдума вне зависимости от исхода голосования, сказал заместитель официального представителя госдепартамента США Джеймс Фоули. Указывая на случаи насилия, отмеченные во время референдума, представитель госдепартамента подчеркнул ответственность правительства Индонезии за обеспечении порядка во время подсчета голосов и в последующих этапах решения проблемы Восточного Тимора.",Мир,Все,1999/08/31
https://lenta.ru/news/1999/09/01/china/,"США заплатили Китаю 4,5 миллиона долларов за ""ошибочную бомбардировку""","Соединенные Штаты заплатили Китаю 4,5 миллиона долларов в качестве компенсации за бомбардировку китайского посольства в Белграде. В результате ""ошибочной"" натовской бомбардировки в мае этого года погибло три человека, 27 было ранено. Как передает Reuters, во вторник представитель посольства США в Пекине сообщил, что ""на прошлой неделе Вашингтон перевел 4,5 миллиона долларов пострадавшим и семьям погибших"". Сегодня советник Госдепартамента США Дэвид Эндрюс завершил третий раунд переговоров с представителями МИД Китая по поводу компенсации за вред, нанесенный этими двумя странами посольствам друг друга. Самолеты НАТО разбомбили 7 мая посольство Китая во время налета на Югославию. В свою очередь разозленные китайцы штурмовали американское представительство в Пекине и тоже нанесли ему значительный ущерб. Был также подожжен дом генерального консула США в китайском городе Ченду. Третий раунд переговоров закончился без каких-либо конкретных результатов. Представитель посольства США не сообщил, какой именно компенсации две страны ждут друг от друга. Пока неясно также, будет ли Китай и дальше требовать ""сурового наказания виновных"". После трагической бомбардировки Китай отказался вести переговоры с США о вступлении во Всемирную Торговую Организацию (ВТО). И хотя США не раз выражали готовность возобновить обсуждение планов Китая по вступлению в ВТО, Китай по-прежнему неудовлетворен ""извинениями"" со стороны НАТО и считает, что бомбардировка посольства КНР в Югославии была намеренной.",Мир,Все,1999/09/01
https://lenta.ru/news/1999/09/01/bloki/,Илюхин и Исаков отвернулись от коммунистов,"""Женщины России"" , возмущенные отсутствием своих кандидаток в региональных кандидатских списках, вышли из блока ""Отечество - Вся Россия"" Лидер Движения в поддержку армии (ДПА) Виктор Илюхин заверил агентство ""Интерфакс"" в том, что не собирается входить со своим движением в избирательный блок ""За победу"", создаваемый КПРФ. Сегодня Илюхин заявил, что ДПА идет на выборы самостоятельно. Он, Илюхин не одобряет тактики коммунистов и считает свое движение самодостаточным, раз коммунисты сами заявили о своей самостоятельности еще в 1998 году. Илюхин не принял предложения патриотического объединения ""Русский дом"" возглавить новый блок, а предупредил, что установит для будущих попутчиков из других движений жесткие квоты на кандидатские места. Илюхин уверен, что преодолеет 5-процентный барьер. Тем временем Владимир Исаков, когда-то один из первых оппонентов президента Ельцина на съезде народных депутатов РФ, а ныне руководитель правового управления Госдумы, объяснил корреспонденту Интерфакса неудачу КПРФ с созданием блока ""За победу"" падением авторитета этой организации во всех сферах общества. Столь резкое заявление объяснимо тем, что Исаков больше не связан с КПРФ, а баллотируется в списке движения ""Отечество-Вся Россия"" по квоте Аграрной партии. Хроника регистрации предвыборных блоков такова: 18 августа- ""Голос России"", включающий ""Союз ""Живое кольцо"". Это демократический блок.26 августа зарегистрировались ""Коммунисты, трудящиеся России- за Советский Союз"". В первой ""тройке"" федерального списка входит всего одна известная фамилия - Тюлькин. Движение ""Женщины России"" вышло из движения ""Отечество"", обидевшись на то, что в 16 региональных группах не представлено ни одной женщины, сообщила агентству РИА ""Новости"" Алевтина Федулова, сопредседатель движения женщин России.",Россия,Все,1999/09/01
https://lenta.ru/news/1999/09/01/mabetex/,Паколли: Дель Понти предлагала мне взятку,"Скандал по поводу ""отмывания денег русской мафии"", возникший первоначально вокруг американского Bank of New York, расходится все более широкими кругами. Сейчас в него уже вовлечены Международный Валютный Фонд, речь идет об участии десятков международных банков в Европе, Юго-Восточной Азии, Китае и так далее. Что на самом деле стоит за всем этим, будет видно в самом ближайшем будущем, - после выборов у нас и в ""еще одной большой стране"", по выражению Александра Лившица, специального представителя президента РФ по связям с индустриально развитыми странами. Одним из ответвлений этого скандала является утверждение, что швейцарская строительная фирма Mabetex замешана в обслуживании ""иностранных счетов"" семьи Ельцина.В баталии, развернувшиеся в средствах массовой информации вокруг этих утверждений, вступила и одна из крупнейших итальянских газет La Stampa. Мы приводим полный перевод статьи, опубликованнойв газете сегодня. Паколли: Дель Понти предлагала мне деньги ",Мир,Все,1999/09/01
https://lenta.ru/news/1999/09/01/y2000/,ФБР готовится к кибер-войне и терактам в канун 2000 года,"Хотя до 2000 года осталось еще 4 месяца, правительство США уже разрабатывает меры по предотвращению ожидающихся в канун Нового года вспышек насилия и терроризма со стороны различных религиозных групп, националистов, хакеров, сторонников идей ""конца света"" и ""второго пришествия Христа"". Как стало известно агентству Reuters, на заседании специального комитета Сената по Проблеме-2000 в июле представитель ФБР, глава Центра защиты национальной инфраструктуры  Мишель Ватис сообщил, что ФБР прогнозирует, в частности, активизацию белых расистов, которые собираются воспользоваться датой наступления нового тысячелетия, чтобы заявить о себе. Целью их акций могут стать национальные меньшинства ""и их союзники в правительстве"", считают представители ФБР. Среди групп, которые могут использовать начало нового века ""в своих целях"", ФБР называет также стронников различных ""апокалиптических"" культов, таких как секта ""Врата Небес"" (""Heaven's Gate""), 30 членов которой совершили групповое самоубийство в 1997 году. Кроме того, по мнению представителей американских спецслужб, возможны также разнообразные провокации международного уровня.  Начиная с февраля этого года,  ЦРУ и 12 его дочерних разведывательных организаций активизировали деятельность по отслеживанию акций, которые подготавливаются на конец года. Белый дом потратил 40 миллионов долларов на создание информационного центра, призванного скоординировать усилия различных служб, которые столкнутся с различными проблемами при наступлении 2000 года. ФБР также отмечает, что ""Ошибка-2000"" может стать удобным поводом для хакерских атак. ""В некоторых случаях будет нелегко определить, является ли сбой системы следствием ""ошибки-2000"" или это вторжение хакера"", считает Мишель Ватис. Возглавляемый Ватисом Центр защиты национальной инфраструктуры, совместно с подразделением по защите компьютерных сетей Пентагона, проведут в начале октября секретную двухдневныю конференцию ""Подготовка к кибер-войне"".",Мир,Все,1999/09/01
https://lenta.ru/news/1999/09/01/bankofny/,"В ""Bank of New York"" подчищали и уничтожали документы","Следствие по делу ""Bank of  New York"" выяснило, что некоторые документы банка уничтожены, а другие подправлены с целью скрыть возможные финансовые операции. Об этом сообщила вчера со ссылкой на высокопоставленные источники, знакомые с ходом расследования, газета ""USA Today"".  По их сведениям, в ходе проверки выяснилось, что по каналам ""Bank of  New York"" осуществлялись, в обход существующих правил, скоротечные электронные переводы крупных сумм денег. Позже отчетные документы были подделаны таким образом, чтобы создать впечатление, будто трансакции проводились с соблюдением установленных сроков, а часть документов вообще исчезла.Специалистам хорошо известно, что подобная спешка возникает в случаях, когда криминальные структуры стремятся поскорее спрятать ""грязные деньги"" в каком-нибудь третьем банке.     The Wall  Street Journal  сообщил сегодня, что при переводеденег на  счета в  Bank of New York, якобы связанные с отмываниемденег из  России, были,  как  выясняется,  задействованы  десяткибанков, в том числе из США, Китая, Австралии. В минувшую пятницу было объявлено об увольнении Люси Эдвардс, занимавшейся в лондонском отделении ""Bank of  New York"" связями с Россией и странами Восточной Европы. Ее муж Петр Берлин, по мнению следователей, контролировал банковские счета компании ""Benex"", через которые прошли более 4 миллиардов долларов. Кроме того, банк отстранил от работы своего вице-президента - Наташу Гурфинкель-Кагаловскую, однако никаких обвинений никому предъявлено не было.  ""Bank of New York"" уже обязался оказать полное содействие ФБР и другим спецслужбам США, ведущим расследование. Во вторник в американской печати появились выдержки из служебного письма, адресованного председателем Совета директоров банка Томасом Рени своим подчиненным. Он пообещал сделать все необходимое, чтобы защитить высокую репутацию ""Bank of New York"" и ""не допустить противозаконной или неподобающей деятельности, к которой мог бы быть причастен банк"".",Мир,Все,1999/09/01
https://lenta.ru/news/1999/09/01/dagestan/,Федеральные силы в Дагестане замкнули кольцо окружения,"Касаясь на сегодняшней пресс-конференции обстановки  в Дагестане, министр внутренних дел РФ Рушайло подчеркнул, что в настоящее  время   там  осуществляется  второй  этап  операции - антитеррористический. ""Ситуация  нормальная, штатная, все идет по плану"", - сказал он. Подразделения объединенной группировки федеральных сил, сообщает ИТАР-ТАСС, завершили перегруппировку и полностью замкнули кольцо окружения вокруг бандформирований религиозных экстремистов в так называемом Кадарском анклаве в Дагестане. Бои с исламистами в районе дагестанских сел Карамахи и Чабанмахи принимают всё более ожесточенный характер и федеральные силы несут ощутимые потери. Они потеряли двух человек убитыми и 29 ранеными, экстремистам удалось подбить 8 единиц бронетехники. О потерях среди исламистов ничего не сообщается. Сегодня по их позициям будут продолжены воздушные и артиллерийские удары. Упорный характер боев, по мнению специалистов, свидетельствует о серьезной подготовке боевиков и их далеко идущих планах. Вместе с тем возможность переговоров и исламистами вовсе не исключается. Об этом заявил ИТАР-ТАСС председательГосударственного Совета Дагестана Магомедали Магомедов. Но переговоры возможны только на одном условии - немедленная сдача всего оружия и восстановление на территории сел конституционного порядка.",Россия,Все,1999/09/01
https://lenta.ru/news/1999/09/01/kirgiz1/,В Киргизии освобождены трое заложников,"Трое заложников освобождены минувшей ночью на юге Киргизии,в Чон-Алайском районе Ошской области, где с 22августа продолжаются боевые действия между правительственнымивойсками и крупными группировками боевиков. Об этомкорреспонденту ИТАР-ТАСС сообщил пресс-секретарь президента Киргизии Каныбек Иманалиев.По его словам, все освобожденные - милиционеры, захваченныенеделю назад боевиками во время проведения разведывательнойоперации. Пресс-секретарь не сообщил об условиях, на которыхбыли освобождены заложники.По официальным данным, в настоящее время террористыпродолжают удерживать в заложниках четырех японских геологов,их переводчика, командующего внутренними войсками Киргизиигенерал-майора Анарбека Шамкеева, военнослужащего и шестерыхмилиционеров.",Мир,Все,1999/09/01
https://lenta.ru/news/1999/09/01/dollar/,На ММВБ произошел резкий скачок курса доллара,"В среду 1 сентября Банк России перестал поддерживать курс рубля  на единой  торговой  сессии, что повлекло за  собой резкий  скачок  курса  доллара  на  Московской межбанковской  валютной   бирже  -   на  утренних  торгах  доллар подорожал на 41,5 копейки и достиг соотношения 25,2246 руб./$1. Как заявил в интервью ""Интерфаксу-АФИ"" дилер Пробизнесбанка, Центробанк  сократил предложение валюты на торгах в  связи   с  истощением   золотовалютных  резервов  (по  оценкам специалистов,  в  течение  последней  недели ЦБ  РФ  потратил  на интервенции до  500 миллионов ),  при этом спрос на доллары со стороны коммерческих  банков   в  начале   месяца  остается устойчивым. На  рынке усилились девальвационные ожидания, что негативно  сказзалось на настроениях операторов. По оценке  представителя РОСБАНКа, на минувшей  неделе курс доллара благодаря  интервенциям ЦБ  РФ был  искусственно  занижен (доллар стоил  в районе  24,7 руб./$1),  поэтому без поддержки со стороны Центробанка  на валютном  рынке произошло  такое заметное падение курса  рубля. Наиболее  приемлемый  на  сегодняшний  день ценовой уровень  составляет 25,5  руб./$1, полагает представитель РОСБАНКа. Вместе с  тем, до  конца недели,  как  считают  специалисты, колебания курса могут продолжиться, при этом доллар может достичь отметки в 25,8 руб./$1. Последний  раз   достаточно  сильный  скачок  курса  доллара отмечался на  валютном рынке  9 августа  1999 года,  когда  после известий об  отставке правительства Сергея Степашина курс доллара повысился сразу на 74 копейки - до 25,29 руб./$1. На утренних  торгах в среду, 1 сентября, было заключено 2011 сделок на общую сумму 155,65 миллионов долларов.",Россия,Все,1999/09/01
https://lenta.ru/news/1999/09/01/kosovo/,Американские миротворцы скрывали факт массового убийства,"МИД РФ в распространенном всреду заявлении  обвинил  воинский  контингент  США  в  Косово  всокрытии в  течение месяца факта уничтожения 15 косовских граждансербской национальности в селе Угляре. Как отмечается  в документе, переданном в ""Интерфакс"", ""речьидет об  одиозном случае"" - сокрытии преступления, совершенного вселе, входящем в зону ответственности США. ""Считаем, что  утаивания преступления  в Угляре должно статьпредметом детального обсуждения на предстоящем заседании СБ ООН"",- подчеркивает МИД РФ. В   заявлении   напоминается,   что   Россия   ""неоднократноподчеркивала, что  деятельность миротворцев  - как военных, так игражданских -  должна быть  объективной и не зависеть от симпатийили антипатий  к той  или иной  этнической группой, проживающей в Косово"". ""К   сожалению,   ставшее   недавно   достоянием   гласностисообщение... об  обнаружении  массового  захоронения...  не  даетоснований утверждать,  что все миротворцы следуют этому призыву"",- констатирует МИД РФ. В  заявлении   подчеркивается,  что   ""МИД  России  серьезнообеспокоено продолжающимися  в Косово массовыми преступлениями наэтнической основе"". ""Международное сообщество, - говорится в документе, - должноположить конец  разгулу в  крае насилия, убийства мирных жителей,поджогом  и  разграблением  имущества,  которые  не  прекращаютсявопреки четким требованиям резолюции Совета Безопасности ООН"". ""Сокрытие этих  преступлений недопустимо"",  - указывает  МИД РФ.",Мир,Все,1999/09/01
https://lenta.ru/news/1999/09/01/valuta/,На ММВБ перестанут торговать немецкими марками,"Московская межбанковская валютная биржа отменяет с сегодняшнего дняторги по иностранным валютам, входящим в зону евро. Отменяются торги по французскому франку, итальянской лире, немецкой и финляндской маркам. Биржа отменяет торги по иностранным валютам зоны евро, учитывая адаптацию российских банков и их клиентов к введению евро. Биржа также предпринимает шаги по развитию рынка этого единого европейского платежного средства. Теперь на ММВБ будут проходить торги по семи иностраннымвалютам - доллар США, евро, английский фунт стерлингов,швейцарский франк, японская иена, украинская гривна и казахстанский тенге.",Россия,Все,1999/09/01
https://lenta.ru/news/1999/09/01/shadow_army/,Швейцарец создал подпольную армию,"Бывший швейцарский офицер Дино Беллази создал независимую от правительства Швейцарии армию. Швейцарский федеральный прокурор Карла дель Понти заявила, что Беллази работал на шефа разведывательной службы Питера Рейли и получил 5,8 миллионов долларов от министерства обороны для покупки огромного количества оружия.Адвокат Беллази Андре Седу заявил, что его клиент отверг эти обвинения. Факт мошенничества практически недоказуем даже после ухода Беллази из разведки, замечает корреспондент BBC Клер Дул. Беллази пока голословно отрицает, что в течение пяти лет финансировал, вооружал и тренировал новую секретную армию.Карла дель Понти, недавно ставшая прокурором Международного Трибунала ООН по военным преступлениям, заявила, что дело против Рейли и еще троих высокопоставленных чиновников закрыто.Она считает, что не существует доказательств того, что деньги ушли на ""теневую армию"". В данный момент Беллази находится в заключении по обвинению в растрате 6 миллионов долларов.Федеральный прокурор добавила, что расследование будет продолжено в отношении Фреда Шрайера, шефа стратегической информационной службы, которая возникла в документах по делу Беллази. На прошлой неделе расследование наткнулось на арсенал с 220-ю единицами оружия и тысячами комплектов амуниции, принадлежавшими Беллази.Министерство обороны заявило во вторник, что Беллази по крайней мере 11 раз выезжал в Альпы тренировать небольшие подразделения.Министр обороны Швейцарии Адольф Оги обещал досконально исследовать это скандальное дело.",Мир,Все,1999/09/01
https://lenta.ru/news/1999/09/01/argentina/,В центре Буэнос-Айреса разбился самолет со 130 пассажирами на борту,"Сегодня, примерно в 4 часа утра по московскому времени, самолет ""Боинг""-737 частной аргентинской компании ЛАПА разбился при взлете в аэропорту Буэнос-Айреса. При падении самолет взорвался и загорелся - его топливные баки были полны горючего. На борту самолета находилось 130 пассажиров (по сведениям агентства ""Рейтер"" - 95 пассажиров и 6 членов экипажа). Как сообщают местные СМИ, более 80 человек погибло, 30 человека госпитализировано с обширными ожогами (до 95% поверхности тела). Пилот ""Боинга"" остался жив. По данным агентства ""Эй-Би-Си Ньюс"", двоим находившемся в салоне пассажирам удалось выскочить из горящего самолета. Самолет направлялся в Кордову - столицу одноименной аргентинской провинции. По сообщениям из Кордовы, местные власти организовали для родственников жертв катастрофы специальный авиарейс в Буэнос-Айрес. Аргентинские телеканалы уже дают крупным планом титры с фамилиями оставшихся в живых. В потушенных обломках лайнера уже найден ""черный"" ящик самолета. Однако причина катастрофу по-прежнему остается неясной. Местные телекомпании, ведущие прямые репортажи непосредственно с места катастрофы, сообщают, что произошедшая трагедия - крупнейшая в истории гражданской авиации Аргентины. На место катастрофы прибыл на вертолете президент Аргентины Карлос Менем. Там же находится главный претендент на президентский пост, мэр Буэнос-Айреса Фернандо де ла Руа. Катастрофа произошла непосредственно в городской черте, так как аэропорт ""Хорхе Ньюбери"" расположен на центральной набережной Буэнос-Айреса, примерно в сотне метров от залива Ла-Плата. При падении самолет пробил ограду аэропорта, срезал несколько деревьев и вылетел на проезжую часть. Части самолета разрушили несколько проезжавших мимо машин. Пока не известно, пострадал ли кто-нибудь при этом. Не исключено, что жертвы были бы и на земле - катастрофа случилась в 21 час по местному времени, когда на набережной бывает много людей и автомобилей. Аэропорт в Буэнос-Айресе располагается в километре от российского торгового представительства в Аргентине. По данным посольства РФ, никто из россиян во время катастрофы не пострадал. Разбившийся ""Боинг"" был построен в США и совершил свой первый полет в апреле 1970 года.",Мир,Все,1999/09/01
https://lenta.ru/news/1999/09/01/credity/,США хотят сделать паузу в кредитовании России,"США  выступают против предоставления России  новых  кредитов Международного  валютного фонда, пока  не будет  подготовлен полный  отчет об использовании ранее выделявшихся  стране средств.  Об этом  сообщил в  интервью газете USA Today министр финансов США Лоуренс Саммерс. Вопрос о  выделении  транша,  как  ранее  заявлялось,  Совет директоров МВФ должен был решить в конце сентября. ""США не  поддержат выделение нового транша без гарантий, чтовсе предоставляемые  средства используются  должным образом и безполучения адекватной отчетности"", - подчеркнул Саммерс. МВФ  должен   получить  в   сентябре  аудиторский  отчет  об использовании прежних кредитов МВФ, напоминает газета. Саммерс, однако,  не исключил, что этого отчета, в котороманализируются  взаимоотношения   Банка  России   и  его  дочернихструктур, может оказаться недостаточно. ""По  мере  расследования  необходимо  будет  сделать  вывод, получена  ли   удовлетворительная  информация   об  использовании прежних кредитов"", - сказал Саммерс.",Россия,Все,1999/09/01
https://lenta.ru/news/1999/09/01/vybory/,Минюст готовится к борьбе с политическими экстремистами,"Министр юстиции  Юрий Чайка направил руководителям территориальных органов и учреждений Минюста письмо, в котором в качестве главной задачи на ближайшие месяцы обязал их ""организовать постоянный контроль над деятельностью политических общественных объединений, участвующих в выборах, обратив особое внимание на соответствие проводимых ими мероприятий их уставным целям"". Как сообщает РИА ""Новости"" со ссылкой на Минюст, в документе предлагается ""направить усилия на пресечение попыток привнесения элементов политического экстремизма в избирательный процесс"". Для проведения соответствующих проверок Чайка рекомендует привлекать специалистов финансовых и налоговых органов. Министр юстиции призывает ""активно использовать  предусмотренные законом меры предупреждения, приостановления  деятельности и ликвидации общественных объединений в случаях  нарушения ими Конституции, провокаций национального, социального или религиозного характера, а также обеспечивать незамедлительную правовую реакцию при пропаганде идей насилия, фашизма, расовой розни"". Юрий Чайка предлагает организовать направление необходимой информации по запросам избиркомов о юридических лицах, осуществляющих добровольные пожертвования в избирательные фонды и зарегистрированных в территориальных органах юстиции; оказывать содействие избирательным комиссиям в обеспечении избирательных прав подозреваемых и обвиняемых, находящихся в следственных изоляторах, а также содержащихся в подведомственных учреждениях лиц, приговоры которым не вступили в законную силу. Органам и учреждениям юстиции также предписывается активизировать сотрудничество и взаимодействие с органами прокуратуры и службы безопасности субъектов Российской Федерации в соответствии с двусторонними соглашениями между Минюстом, Генеральной прокуратурой и ФСБ России. Для этого, как указывается в письме, предлагается организовать рабочие группы по оперативному решению вопросов, связанных с выборной кампанией, наладить их взаимодействие с избирательными комиссиями, а также обеспечить направление экспертов системы Минюста для участия в проверках достоверности подписей и соответствующих им данных, содержащихся в подписных листах, если такая необходимость возникнет. Юрий Чайка заявил, что министерство юстиции намерено сделать все от него зависящее, чтобы выборы депутатов Государственной думы стали подлинно свободными, равными и демократическими.",Россия,Все,1999/09/01